<?xml version="1.0" encoding="utf-8"?>
<extension type="component" version="3.2.0" method="upgrade">
 
	<name>Report Web</name>
	<!-- The following elements are optional and free of formatting constraints -->
	<creationDate>02/18/2015</creationDate>
	<author>Kan Pumiprapas</author>
	<authorEmail>kanp@dharmniti.co.th</authorEmail>
	<authorUrl>http://www.ditc.co.th</authorUrl>
	<copyright>Copyright Info</copyright>
	<license>License Info</license>
	<!--  The version string is recorded in the components table -->
	<version>0.0.10</version>
	<!-- The description is optional and defaults to the name -->
	<description>Description of the Report Web ...</description>
	
	<install> <!-- Runs on install -->
		<sql>
			<file driver="mysql" charset="utf8">sql/install.mysql.utf8.sql</file>
		</sql>
	</install>
	<uninstall> <!-- Runs on uninstall -->
		<sql>
			<file driver="mysql" charset="utf8">sql/uninstall.mysql.utf8.sql</file>
		</sql>
	</uninstall>
	<update> <!-- Runs on update; New in 2.5 -->
		<schemas>
			<schemapath type="mysql">sql/updates/mysql</schemapath>
		</schemas>
	</update>
 
	<!-- Site Main File Copy Section -->
	<!-- Note the folder attribute: This attribute describes the folder
		to copy FROM in the package to install therefore files copied
		in this section are copied from /site/ in the package -->
	<files folder="site">
		<filename>index.html</filename>
		<filename>reportweb.php</filename>
		<filename>controller.php</filename>	
		<folder>views</folder>
		<folder>models</folder>
		<folder>language</folder>
	</files>
 
	<administration>
		<!-- Administration Menu Section -->
		<menu link='index.php?option=com_reportweb'>Report Web</menu>
		<!-- Administration Main File Copy Section -->
		<!-- Note the folder attribute: This attribute describes the folder
			to copy FROM in the package to install therefore files copied
			in this section are copied from /admin/ in the package -->
		<files folder="admin">
			<!-- Admin Main File Copy Section -->
			<filename>index.html</filename>
			<filename>reportweb.php</filename>
			<filename>controller.php</filename>
			<filename>access.xml</filename>
			<folder>sql</folder>
			<folder>tables</folder>			
			<folder>models</folder>
			<folder>views</folder>
			<folder>controllers</folder>
			<folder>helpers</folder>
		</files>
		<languages folder="admin">
			<language tag="en-GB">language/en-GB/en-GB.com_reportweb.ini</language>
			<language tag="en-GB">language/en-GB/en-GB.com_reportweb.sys.ini</language>
		</languages>
	</administration>
 
</extension>